Trade,Name,Phone,Email,Post_Date,Status,Source_URL
Carpentry,Framing & Drywall Contractor,(425) 393-1370,,,Recent,https://seattle.craigslist.org/see/sks/d/seattle-framing-drywall-contractor/7914564204.html
Carpentry,Craft Masters (Everett/Snohomish),(425) 220-4124,rogerdewey22@gmail.com,,Recent,https://seattle.craigslist.org/sno/sks/d/everett-carpenters-craft-masters/7916698179.html
Carpentry,Darrell - Framing Specialist (36 yrs exp),(253) 227-0189,,,Recent,https://seattle.craigslist.org/est/sks/d/kirkland-framing-specialist-framer/7915335863.html
Carpentry,Tom - Knedlik Construction LLC (Shoreline),(425) 977-5085,,,Recent,https://seattle.craigslist.org/see/sks/d/seattle-handyman-residential-remodeler/7915816507.html
Carpentry,Rotten Wood/Deck Building (Everett),(425) 754-7096,,,Recent,https://seattle.craigslist.org/sno/sks/d/everett-rotten-wood-rotten-deck-new/7920716566.html
Carpentry,General Contractor/Handyman (Kitsap),(360) 204-1676,,,Recent,https://seattle.craigslist.org/kit/hss/d/poulsbo-general-contractor-handyman/7918709566.html
Carpentry,Prime Tile & Wood - Cabinet Installer,(253) 329-0794,,,Recent,https://seattle.craigslist.org/see/hss/d/auburn-experienced-cabinet/7920597289.html
Carpentry,The Final Touch Home & Office Improvement LLC,,,,Active,https://www.thumbtack.com/wa/seattle/framing-contractors/final-touch-homeoffice-improvement-llc/service/493859383295877135
Carpentry,Castleberry's Carpentry,,,,Active,Nextdoor
Carpentry,Early Bird Roof Repair And Replacement,(206) 339-3656,,,Active,https://maps.google.com/?cid=604958525618674866
Carpentry,Columbia City Custom,(206) 359-0611,,,Active,https://maps.google.com/?cid=9791727841923646283
Carpentry,Timothy's Roof Repair And Replacement,(206) 339-0017,,,Active,https://maps.google.com/?cid=13045334140287806278
Carpentry,Village Framers Corporation,(206) 297-2087,,,Active,https://maps.google.com/?cid=12760600180734144013
Carpentry,Da Vinci Design & Build,(360) 361-8632,,,Active,https://maps.google.com/?cid=1586403422386017592
Carpentry,Highlands Framing Contractor,(425) 524-9805,,,Active,https://maps.google.com/?cid=16233371207226153484
Carpentry,Fairwind Construction,(206) 412-4613,,,Active,https://maps.google.com/?cid=643592923106051442
Carpentry,AA Defined Exteriors,(360) 306-8714,,,Active,https://maps.google.com/?cid=2732420848956551398
Concrete / Masonry,Concrete/Excavation,(206) 492-9539,,2026-03-11,Active,https://seattle.craigslist.org/est/sks/d/south-prairie-concrete-excavation/7920638389.html
Concrete / Masonry,Concrete Free estimates today,(425) 405-2766,,2026-03-11,Active,https://seattle.craigslist.org/sno/sks/d/bellevue-concrete-free-estimates-today/7920508700.html
Concrete / Masonry,AFFORDABLE CONCRETE CONSTRUCTION,(580) 279-3690,,2026-03-10,Active,https://seattle.craigslist.org/see/sks/d/seattle-affordable-concrete-construction/7920323492.html
Concrete / Masonry,Concrete  Construction,(206) 566-2913,,2026-03-10,Active,https://seattle.craigslist.org/see/sks/d/seattle-concrete-construction/7920290487.html
Concrete / Masonry,SUPERIOR CONCRETE AND CONSTRUCTION WORK,(253) 245-8071,,2026-03-09,Active,https://seattle.craigslist.org/oly/sks/d/superior-concrete-and-construction-work/7920230582.html
Concrete / Masonry,"Any type of Masonry, Brick,stone, Stucco, mason,chimney work.",(206) 376-2755,,2026-03-10,Active,https://seattle.craigslist.org/see/sks/d/seattle-any-type-of-masonry-brickstone/7920433855.html
Concrete / Masonry,"Brick, Block, Stone Mason",(253) 720-0759,,2026-03-07,Active,https://seattle.craigslist.org/tac/sks/d/graham-brick-block-stone-mason/7919828263.html
Concrete / Masonry,J.H. Concrete LLC,,,,Active,https://www.thumbtack.com/wa/seattle/concrete-contractors/jh-concrete-llc/service/358838098604441617
Concrete / Masonry,Melbigaldana Concrete Solutions LLC,,,,Active,https://www.thumbtack.com/wa/seattle/concrete-contractors/melbigaldana-concrete-solutions-llc/service/421979611343888395
Concrete / Masonry,Nomadic Construction LLC,,,,Active,https://www.thumbtack.com/wa/seattle/concrete-removal/nomadic-construction-llc/service/449079645654097931
Concrete / Masonry,Seattle Concrete Paving & Masonary,(206) 207-1712,,,Active,https://maps.google.com/?cid=12398775999758434011
Concrete / Masonry,Stoneway Concrete,(425) 226-1000,,,Active,https://maps.google.com/?cid=1415045768555335830
Concrete / Masonry,KINGDOM CONCRETE LLC,(206) 228-3763,,,Active,https://maps.google.com/?cid=9368882548516618566
Concrete / Masonry,Precision Masonry JBJ Llc,(206) 714-3151,,,Active,https://maps.google.com/?cid=471115409779655949
Concrete / Masonry,Western Washington Masonry Trade,(206) 768-8333,,,Active,https://maps.google.com/?cid=9871493035118501100
Concrete / Masonry,Seattle Waterproofing and Masonry,(253) 273-3726,,,Active,https://maps.google.com/?cid=16748238505166267384
Concrete / Masonry,Evergreen Masonry & Stnwrks,(888) 421-5605,,,Active,https://maps.google.com/?cid=17051059155679290039
Concrete / Masonry,Grand Stone Masonry LLC,(206) 775-6300,,,Active,https://maps.google.com/?cid=4766711756326427642
Concrete / Masonry,European Masonry Restoration,(206) 669-4725,,,Active,https://maps.google.com/?cid=17954262168157701757
Electrical,State Licensed - “MASTER ELECTRICIAN” Fix Repair Install,(206) 225-6009,,2026-03-12,Active,https://seattle.craigslist.org/sno/sks/d/lynnwood-state-licensed-master/7920825370.html
Electrical,Electrical Contractor - Electrician - Simple Electrical Services,(253) 226-5200,,2026-03-12,Active,https://seattle.craigslist.org/tac/sks/d/tacoma-electrical-contractor/7920819835.html
Electrical,"Plumber - Electrician - Fix It Fast, No Hassle, No Stress",(206) 274-8499,,2026-03-12,Active,https://seattle.craigslist.org/see/sks/d/seahurst-plumber-electrician-fix-it/7920800004.html
Electrical,ELECTRICIAN,(253) 219-8928,,2026-03-12,Active,https://seattle.craigslist.org/oly/sks/d/aberdeen-electrician/7920754559.html
Electrical,Electrician - Skip the Runaround & Get It Fixed Today - Call Us,(206) 865-0038,,2026-03-11,Active,https://seattle.craigslist.org/see/sks/d/seahurst-electrician-skip-the-runaround/7920573298.html
Electrical,"Electrician - Showed Up, Fixed It, Gone - That's How We Roll",(253) 449-2805,,2026-03-11,Active,https://seattle.craigslist.org/tac/sks/d/tacoma-electrician-showed-up-fixed-it/7920572594.html
Electrical,"ELECTRICIAN LICENSED, BONDED & INSURED",(253) 436-3159,,2026-03-11,Active,https://seattle.craigslist.org/tac/sks/d/renton-electrician-licensed-bonded/7920525757.html
Electrical,Plumber & Electrician - Affordable Rates - Quality Results,(360) 868-4404,,2026-03-10,Active,https://seattle.craigslist.org/sno/sks/d/lynnwood-plumber-electrician-affordable/7920336597.html
Electrical,"Tadpole Electric — Licensed Electrician | Panel Upgrades, Rewires, EV",,TadpoleElectric@outlook.com,2026-03-09,Active,https://seattle.craigslist.org/oly/sks/d/olympia-tadpole-electric-licensed/7920254875.html
Electrical,Plumber - Electrician - Real Pros Ready to Help You Now,(253) 238-7273,,2026-03-09,Active,https://seattle.craigslist.org/tac/sks/d/tacoma-plumber-electrician-real-pros/7920109463.html
Electrical,Columbia Valley Electric Licensed & Bonded Electrical Contractor –,(425) 686-8114,,2026-03-08,Active,https://seattle.craigslist.org/est/sks/d/kirkland-columbia-valley-electric/7919944964.html
Electrical,"Electrician, Burleson's Northwest Electric",(253) 222-2724,,2026-02-25,Recent,https://seattle.craigslist.org/oly/sks/d/olympia-electrician-burlesons-northwest/7917644415.html
Electrical,Plumber - Electrician - Furnace Repair - Real Pros - Real Prices,(360) 515-2005,,2026-02-21,Recent,https://seattle.craigslist.org/sno/sks/d/snohomish-plumber-electrician-furnace/7916669447.html
Electrical,"HOME REPAIRS AND IMPROVEMENTS, FLAT RATE AND BY THE HOUR",(206) 605-6585,,2026-03-09,Active,https://seattle.craigslist.org/tac/hss/d/tacoma-home-repairs-and-improvements/7920026695.html
Electrical,"CONSTRUCTION CONSULTING HELP 4U! PROJECTS, VENDORS, WORKERS, LICENSING",(877) 223-1001,,2026-03-08,Active,https://seattle.craigslist.org/see/hss/d/seattle-construction-consulting-help-4u/7919937263.html
Electrical,Empower Electric LLC,,,,Active,https://www.thumbtack.com/wa/seattle/electrical-repairs/empower-electric-llc/service/490553850533625865
Electrical,PNW Electrical Services,,,,Active,https://www.thumbtack.com/wa/seattle/electrical-repairs/pnw-electrical-services/service/496099941984534534
Electrical,Home Electricіan Seattle,(206) 207-2638,,,Active,https://maps.google.com/?cid=5378795549258232215
Electrical,Home Electricіan Seattle,(206) 774-8682,,,Active,https://maps.google.com/?cid=14661237211618896123
Electrical,First Property Electrician Seattle,(206) 207-2833,,,Active,https://maps.google.com/?cid=9915232911739912113
Electrical,Sparky Electricians Seattle,(564) 262-5919,,,Active,https://maps.google.com/?cid=18091758163878258848
Electrical,Home Electricіan Seattle,(206) 529-4297,,,Active,https://maps.google.com/?cid=17322885849775169755
Electrical,On Call Electrician Seattle,(360) 209-7907,,,Active,https://maps.google.com/?cid=16081549931625039424
Electrical,Home Electrician Seattle,(206) 844-5720,,,Active,https://maps.google.com/?cid=15180129432335581027
Electrical,Nova Electrician Seattle,(206) 647-3533,,,Active,https://maps.google.com/?cid=13706516868210725360
Electrical,Prism 3D Tours,(208) 953-1949,,,Active,https://maps.google.com/?cid=2591524683745978294
Electrical,Beacon Hill Electric Llc,(425) 780-6718,,,Active,https://maps.google.com/?cid=16357643801736931379
Electrical,White Electrician Seattle,(206) 761-7856,,,Active,https://maps.google.com/?cid=5312620793218143824
Electrical,Lumen Electric LLC,(206) 468-9118,,,Active,https://maps.google.com/?cid=15056553263855510427
Electrical,STAR POWER ELECTRIC,(206) 239-8424,,,Active,https://maps.google.com/?cid=16277520176903184579
Electrical,Quality Electric Contracting,(564) 212-6316,,,Active,https://maps.google.com/?cid=16550547013796894100
Electrical,"Seattle Electric, Inc",(206) 749-1200,,,Active,https://maps.google.com/?cid=11421790824237573094
General Handyman,$30 PER HOUR  MOVING • HAULING • LANDSCAPING HANDYMAN • CLEANOUTS,(425) 559-7162,,2026-03-04,Active,https://seattle.craigslist.org/est/lbs/d/bellevue-30-per-hour-moving-hauling/7919105613.html
General Handyman,Flood Water Damage Handyman Home Repair Flooring Painting Mold,(800) 790-6202,,2026-03-09,Active,https://seattle.craigslist.org/see/hss/d/seattle-flood-water-damage-handyman/7920092639.html
General Handyman,HAULING HANDYMAN Painting Trees Roofs Gutter Clean Repairs,(206) 617-9053,,2026-02-21,Recent,https://seattle.craigslist.org/see/hss/d/seattle-hauling-handyman-painting-trees/7916704563.html
General Handyman,Household Services Handyman Honey Do List,(206) 457-0158,,2026-03-04,Active,https://seattle.craigslist.org/see/hss/d/seattle-household-services-handyman/7919045408.html
General Handyman,Handyman,(206) 941-8875,,2026-02-19,Recent,https://seattle.craigslist.org/see/lbs/d/seattle-handyman/7916182227.html
General Handyman,FENCE REPAIR EXTRAORDINAIRE HANDYMAN,(425) 443-6291,,2026-03-12,Active,https://seattle.craigslist.org/skc/hss/d/kent-fence-repair-extraordinaire/7920800338.html
General Handyman,Handyman Services - Roof Repairs Gutter Cleaning Moss Removal,(253) 254-5129,,2026-03-12,Active,https://seattle.craigslist.org/skc/hss/d/tacoma-handyman-services-roof-repairs/7920770104.html
General Handyman,Handyman Services - Roof Repairs Gutter Cleaning Moss Removal,(971) 202-1555,,2026-03-12,Active,https://seattle.craigslist.org/tac/hss/d/tacoma-handyman-services-roof-repairs/7920769747.html
General Handyman,HANDYMAN SPECIALS  on all your home needs,(253) 652-9022,,2026-03-12,Active,https://seattle.craigslist.org/tac/hss/d/tacoma-handyman-specials-on-all-your/7920747234.html
General Handyman,Do you need a Reliable handyman to mount your TV?,(206) 714-6316,,2026-03-11,Active,https://seattle.craigslist.org/tac/hss/d/puyallup-do-you-need-reliable-handyman/7920686010.html
General Handyman,Evergreen Handyman,(253) 223-1056,,2026-03-11,Active,https://seattle.craigslist.org/see/hss/d/kent-evergreen-handyman/7920594403.html
General Handyman,"Handyman , Deck repair",(206) 335-6183,,2026-03-10,Active,https://seattle.craigslist.org/tac/hss/d/sumner-handyman-deck-repair/7920419249.html
General Handyman,Reliable Handyman Services – Quality Work at Affordable Rates (Everett &,(425) 476-6137,,2026-03-09,Active,https://seattle.craigslist.org/sno/hss/d/bothell-reliable-handyman-services/7920223119.html
General Handyman,"Contractor, Home repair, Handyman, Builder, Free Estimates",(360) 812-2160,,2026-03-10,Active,https://seattle.craigslist.org/est/sks/d/woodinville-contractor-home-repair/7920327567.html
General Handyman,Tile install and or repairs same day full service Home Repair 911,(253) 921-5009,,2026-03-08,Active,https://seattle.craigslist.org/oly/sks/d/tumwater-tile-install-and-or-repairs/7919895279.html
General Handyman,Remodeling - Siding & Windows | We Treat Your Home Like Our Own,(206) 774-3488,,2026-03-04,Active,https://seattle.craigslist.org/see/sks/d/seahurst-remodeling-siding-windows-we/7919118702.html
General Handyman,"Home or Business Need Repair/Care? Remodel,Roof Cleaning, and More..",(425) 753-7380,,2026-02-18,Recent,https://seattle.craigslist.org/sno/sks/d/everett-home-or-business-need-repair/7915979407.html
General Handyman,Done Rite Services,,,,Active,https://www.thumbtack.com/wa/seattle/handyman/done-rite-services/service/447024059219181575
General Handyman,Mike's Handyman Services,,,,Active,https://www.thumbtack.com/wa/seattle/interior-painting/mikes-handyman-services/service/480063887920168967
General Handyman,Mike's Handyman Services LLC,(206) 368-4088,,,Active,Facebook
General Handyman,Handyman Q Repair & Remodel,(360) 970-6263,,,Active,Nextdoor
General Handyman,House Calls Etc. Handyman Service,(206) 618-8974,,,Active,https://maps.google.com/?cid=2397963186751462540
General Handyman,"Mickey ""the Maintenance Man"" LLC",(206) 245-7455,,,Active,https://maps.google.com/?cid=7792782035885169265
General Handyman,Patterson Handyman Service LLC,(509) 671-1881,,,Active,https://maps.google.com/?cid=6212455402609188073
General Handyman,Seattle Handyman LLC,(206) 415-8024,,,Active,https://maps.google.com/?cid=13174071391630949968
General Handyman,South Seattle Handyman,(206) 990-3787,,,Active,https://maps.google.com/?cid=11893825383684984649
HVAC,HVAC Installer (Bothell),(425) 548-0073,,,Recent,https://seattle.craigslist.org/sno/sks/d/bothell-ductless-furnace-c-heatpump-ect/7917640517.html
HVAC,Joseph Sproles - HVAC Tech (20+ yrs exp),(425) 879-3274,,,Recent,https://seattle.craigslist.org/sno/sks/d/renton-heating-and-air-conditioning/7919964134.html
HVAC,"Americool Heating & Air (Rochester, Olympia area)",,include phone in message,,Recent,https://seattle.craigslist.org/oly/sks/d/rochester-americool-heating-and-air/7920187468.html
HVAC,Matthew - HVAC/R Tech (Tacoma),(206) 756-9117,,,Recent,https://seattle.craigslist.org/tac/sks/d/tacoma-hvac-servicerepairand-install/7914361137.html
HVAC,Clean Zone Heating & Air (Renton),(206) 962-0717,,,Recent,https://seattle.craigslist.org/see/sks/d/renton-hvac-service-and-installation/7915471785.html
HVAC,Eli's Furnace & AC Services LLC,(253) 880-8339,,,Recent,https://seattle.craigslist.org/oly/sks/d/olympia-hvac-service-small-business/7919388016.html
HVAC,Furnace Repair (South Seattle-Tacoma),(253) 632-3118,,,Recent,https://seattle.craigslist.org/skc/hss/d/auburn-furnace-repair-installation/7918791762.html
HVAC,BB Heating LLC,(253) 224-5601,,,Recent,https://seattle.craigslist.org/see/hss/d/graham-hvac-services/7920781242.html
HVAC,Mountain Valley Heating & AC,(425) 226-0080,,,Active,Nextdoor
HVAC,All Seasons Inc,(253) 879-9144,,,Active,Nextdoor
HVAC,Nortech Heating Cooling & Refrigeration,,,,Active,Nextdoor
HVAC,Seattle Heating & Air Conditioning,(206) 339-8180,,,Active,https://maps.google.com/?cid=11661991066295560345
HVAC,Seattle AC And Heating Contractors,(564) 262-5516,,,Active,https://maps.google.com/?cid=7695527265775671525
HVAC,Seattle Heating and Air Conditioning,(425) 552-8077,,,Active,https://maps.google.com/?cid=7450743624512777192
HVAC,Seattle Heating And Air Conditioning Repair,(206) 259-9839,,,Active,https://maps.google.com/?cid=4036477977017308912
HVAC,Seattle Heating & Cooling,(206) 736-5141,,,Active,https://maps.google.com/?cid=13669463218081764975
HVAC,Seattle Heating and Air Conditioning,(206) 414-3367,,,Active,https://maps.google.com/?cid=9716793351912950332
HVAC,Heating & Air Conditioning Seattle,(206) 339-5480,,,Active,https://maps.google.com/?cid=5256461169412316543
HVAC,Seattle Heating & Air Conditioning,(425) 552-5603,,,Active,https://maps.google.com/?cid=15065469984423596771
HVAC,Heating and Air Conditioning Seattle,(206) 339-6818,,,Active,https://maps.google.com/?cid=14253691257059722856
HVAC,Seattle Heating & Air Conditioning,(425) 552-8059,,,Active,https://maps.google.com/?cid=4774706786766798973
HVAC,OX HVAC Contractor Seattle LLC,(360) 291-5117,,,Active,https://maps.google.com/?cid=11997149046450515953
HVAC,Seattle Heating & Cooling,(425) 552-8083,,,Active,https://maps.google.com/?cid=16390170866313833002
HVAC,Seattle Air Conditioning & Heating,(206) 414-4878,,,Active,https://maps.google.com/?cid=13426690370183945153
HVAC,Seattle Heating & Air Conditioning Services,(425) 552-7984,,,Active,https://maps.google.com/?cid=15781100147093043066
HVAC,Heating & Air Conditioning Seattle,(206) 414-4738,,,Active,https://maps.google.com/?cid=15062105698776272368
HVAC,Seattle Heating & Cooling,(425) 650-6593,,,Active,https://maps.google.com/?cid=7967560419430886364
HVAC,Seattle Heating & Cooling,(206) 237-8470,,,Active,https://maps.google.com/?cid=12850235962783558914
HVAC,Seattle Heating & Cooling,(425) 552-7985,,,Active,https://maps.google.com/?cid=11534621159785336885
HVAC,Seattle Heating & Cooling,(206) 414-3809,,,Active,https://maps.google.com/?cid=16565755303679541965
HVAC,Seattle Heating and Air Conditioning,(206) 339-7450,,,Active,https://maps.google.com/?cid=13870640900197913267
HVAC,Seattle Quality Heating And Air Conditioning,(253) 340-2423,,,Active,https://maps.google.com/?cid=4885074989300132742
HVAC,Smart Residential Services Inc.,(253) 354-7938,,,Active,https://maps.google.com/?cid=16394083521768526974
Landscaping,Landscaping hauling blackberries,(206) 407-5813,,2026-03-05,Active,https://seattle.craigslist.org/see/sks/d/landscaping-hauling-blackberries/7919285344.html
Landscaping,Excavation dirt gravel driveways ditches grading brush removal landscaping hydro,(253) 929-4059,,2026-03-02,Active,https://seattle.craigslist.org/skc/sks/d/auburn-excavation-dirt-gravel-driveways/7918556523.html
Landscaping,CONCRETE -FENCE WORK -REPAIR -DRIVEWAY-LAWN CARE- VINYL-WOOD- FENCING,(206) 333-2567,,2026-02-18,Recent,https://seattle.craigslist.org/see/sks/d/seahurst-concrete-fence-work-repair/7916044686.html
Landscaping,"Landscaping (Sprinklers, Retaining walls)",(206) 651-6115,,2026-02-16,Recent,https://seattle.craigslist.org/tac/sks/d/auburn-landscaping-sprinklers-retaining/7915563541.html
Landscaping,Full Service Landscaping Lawn Care Tree RemovalStump Grinding,(253) 754-9955,,2026-03-12,Active,https://seattle.craigslist.org/tac/hss/d/federal-way-full-service-landscaping/7920809613.html
Landscaping,Local Lawn Care & Landscaping – FREE Estimates,(253) 227-7446,,2026-03-09,Active,https://seattle.craigslist.org/oly/hss/d/olympia-local-lawn-care-landscaping/7920254876.html
Landscaping,Spring Is Almost Here Get Your Yard Ready with H&B Lawn Care,(253) 961-1321,,2026-03-01,Active,https://seattle.craigslist.org/see/hss/d/spring-is-almost-here-get-your-yard/7918406114.html
Landscaping,Lawn Aeration $120 | Power Raking / Dethatching $260 | Moss Control,(206) 512-5614,,2026-03-04,Active,https://seattle.craigslist.org/est/hss/d/issaquah-lawn-aeration-120-power-raking/7919138489.html
Landscaping,"“Emerald Land Lawn Care – Mowing, Cleanups, Mulch & More”",(503) 989-8448,,2026-02-12,Recent,https://seattle.craigslist.org/skc/hss/d/federal-way-emerald-land-lawn-care/7914802203.html
Landscaping,GENERAL CLEAN UP🍁Lawn Care 🌱🍁🍂 Maintenance and more!,(206) 953-6591,,2026-02-10,Recent,https://seattle.craigslist.org/see/hss/d/seattle-general-clean-uplawn-care/7914390826.html
Landscaping,"LANDSCAPING , HANDY MAN FENCE .GUTTER,PAINTING,.",(253) 579-7835,,2026-03-05,Active,https://seattle.craigslist.org/tac/hss/d/tacoma-landscaping-handy-man-fence/7919383742.html
Landscaping,LANDSCAPING/ NEW LAWN  INSTALLATION \CLEANUP  SERVICES,(425) 209-5053,,2026-02-12,Recent,https://seattle.craigslist.org/tac/hss/d/puyallup-landscaping-new-lawn/7914835903.html
Landscaping,JUNK REMOVAL HAULING CHEAP TRASH YARD LOW RATES MATTRESS,(321) 263-1660,,2026-03-08,Active,https://seattle.craigslist.org/est/lbs/d/lake-stevens-junk-removal-hauling-cheap/7919951312.html
Landscaping,$50 LAWN MOWING / YARD WORK,(206) 609-1826,,2026-03-07,Active,https://seattle.craigslist.org/see/lbs/d/seattle-50-lawn-mowing-yard-work/7919766739.html
Landscaping,SAME-DAY JUNK REMOVAL!  ⏱ SAVE TIME & 💰 MONEY!,(425) 321-9497,,2026-03-07,Active,https://seattle.craigslist.org/est/lbs/d/bellevue-same-day-junk-removal-save/7919799840.html
Landscaping,"MOVARO: Junk Removal, Hauling, Moving Help, Pressure Washing",(425) 362-9692,,2026-03-04,Active,https://seattle.craigslist.org/est/lbs/d/kirkland-movaro-junk-removal-hauling/7919166878.html
Landscaping,Carlos Landscaping,,,,Active,https://www.thumbtack.com/wa/gig-harbor/landscaping/carlos-landscaping/service/261803141839111222
Landscaping,Trust Landscaping LLC,,,,Active,https://www.thumbtack.com/wa/seattle/lawn-care/trust-landscaping-llc/service/549353607922270219
Landscaping,Dreamscape Landscaping & Property Maintenance,,,,Active,https://www.thumbtack.com/wa/seattle/lawn-care/dreamscape-landscaping-property-maintenance/service/497831724920856581
Landscaping,Tim's Complete Landscape Management,(253) 632-5829,,,Active,Nextdoor
Landscaping,JD Landscaping LLC,,jdlandscaping.renton@gmail.com,,Active,Nextdoor
Landscaping,Shadow Lawn Care Services,(425) 496-5364,shadowlawncare@yahoo.com,,Active,Facebook
Landscaping,Grassroots Landscaping,(206) 781-4553,,,Active,https://maps.google.com/?cid=4698999871705613040
Landscaping,city landscape services | Lawn Care,(877) 314-4940,,,Active,https://maps.google.com/?cid=17858999527928807593
Landscaping,Easy Lawn Care & Landscaping LLC,(206) 900-2537,,,Active,https://maps.google.com/?cid=15683831199072661977
Landscaping,Reliable Gardeners,(206) 753-8882,,,Active,https://maps.google.com/?cid=13138986389606650934
Painting,Budget House Painter — Quality You Can Afford,(360) 281-0654,,2026-02-27,Recent,https://seattle.craigslist.org/est/hss/d/bellevue-budget-house-painter-quality/7918090670.html
Painting,LEO Painters – Interior & Exterior Painting ( Redmond within 30 miles),(206) 658-5077,,2026-02-10,Recent,https://seattle.craigslist.org/est/hss/d/redmond-leo-painters-interior-exterior/7914214234.html
Painting,Fence & Deck Repair – Installation – Painting,(425) 521-7715,,2026-02-23,Recent,https://seattle.craigslist.org/est/hss/d/seattle-fence-deck-repair-installation/7917021086.html
Painting,CARRILLO LANDSCAPING MAINTENANCE,(360) 649-0266,,2026-02-12,Recent,https://seattle.craigslist.org/kit/hss/d/bainbridge-island-carrillo-landscaping/7914817635.html
Painting,Drywall and Painting,(360) 957-3979,,2026-02-23,Recent,https://seattle.craigslist.org/kit/hss/d/manchester-drywall-and-painting/7917152733.html
Painting,PAINTING✔✔INTERIOR HOUSE PAINT ✔ BEST/Painter,(206) 280-1421,,2026-03-09,Active,https://seattle.craigslist.org/oly/hss/d/federal-way-paintinginterior-house/7920036335.html
Painting,CLEANING PAINTING  DECKS FENCES AND YARDWORK!,(360) 888-5652,,2026-02-11,Recent,https://seattle.craigslist.org/oly/hss/d/olympia-cleaning-painting-decks-fences/7914552140.html
Painting,Cabinet Refinishing- SPRAYED FACTORY LIKE FINISH,(206) 777-5115,,2026-03-11,Active,https://seattle.craigslist.org/see/hss/d/cabinet-refinishing-sprayed-factory/7920640779.html
Painting,Painting $25/hr - Labor Only - Painter for hire!,(206) 537-5383,,2026-02-11,Recent,https://seattle.craigslist.org/see/hss/d/seattle-painting-25-hr-labor-only/7914427159.html
Painting,Professional Drywall & Painting Services | Licensed • Insured,(253) 452-7785,drywallpros2023@gmail.com,2026-03-12,Active,https://seattle.craigslist.org/see/hss/d/seattle-professional-drywall-painting/7920858812.html
Painting,WE HAVE THE KEYES TO ALL OF YOUR PROPERTY NEEDS!!,(253) 231-2544,,2026-02-13,Recent,https://seattle.craigslist.org/skc/hss/d/auburn-we-have-the-keyes-to-all-of-your/7914981702.html
Painting,Interior/Exterior Painting Finish Carpenter Flooring Installation,(253) 286-9287,,2026-03-12,Active,https://seattle.craigslist.org/skc/hss/d/kent-interior-exterior-painting-finish/7920792531.html
Painting,All Covered Painting,,,,Active,https://www.thumbtack.com/wa/seattle/interior-painting/all-covered-painting/service/547668868693196804
Painting,Fernandez Pro,,,,Active,https://www.thumbtack.com/wa/seattle/interior-painting/fernandez-pro/service/487214786121859092
Painting,Afer Painting Inc,,,,Active,https://www.thumbtack.com/wa/seattle/interior-painting/afer-painting-inc/service/321940882862129278
Painting,FM Painting LLC,(206) 931-0293,,,Active,Nextdoor
Painting,American Classic Painters,(206) 848-8882,americanclassicpainters@gmail.com,,Active,Facebook
Plumbing,Good Plumbing LLC,(425) 319-9836,,,Recent,https://seattle.craigslist.org/sno/sks/d/marysville-good-plumbing-llc-save-money/7920726349.html
Plumbing,Plumber for Side Work (Olympia),(360) 506-4865,,,Recent,https://seattle.craigslist.org/oly/sks/d/olympia-plumber-for-side-work/7914767582.html
Plumbing,"Licensed Plumber (Bothell, Joseph)",(360) 381-3518,,,Recent,https://seattle.craigslist.org/sno/sks/d/bothell-licensed-plumber-with-bond-and/7915947950.html
Plumbing,"Gary - Plumber ($50/hr, Lynnwood)",(425) 419-8029,,,Recent,https://seattle.craigslist.org/sno/sks/d/lynnwood-50-an-hour-for-plumber-and/7917834992.html
Plumbing,"Cole Plumbing & Heating (Bob Cole, Kitsap)",(360) 900-7884,,,Recent,https://seattle.craigslist.org/kit/sks/d/bremerton-journeyman-plumber/7919136877.html
Plumbing,A&B Plumbing And Drain LLC,(253) 797-7735,,,Recent,https://seattle.craigslist.org/tac/sks/d/puyallup-licensed-plumber/7919984210.html
Plumbing,Plumbing Side Work (Kent),(206) 765-0283,,,Recent,https://seattle.craigslist.org/skc/sks/d/kent-plumbing-side-work-cash-deals/7920568455.html
Plumbing,"Retired Home Builder/Plumber (John, Eastside)",(425) 213-2973,,,Recent,https://seattle.craigslist.org/est/sks/d/retired-home-builder-plumber-seeks-side/7919530886.html
Plumbing,Tran Seattle Plumbing (SeaTac),(206) 981-7779,,,Recent,https://seattle.craigslist.org/see/hss/d/seattle-tran-seattle-plumbing/7920668634.html
Plumbing,Goldstar Plumbing,,,,Active,https://www.thumbtack.com/wa/kirkland/affordable-plumbing-services/goldstar-plumbing/service/420487310838267925
Plumbing,Simple Plumber (Joe Schafer),,simpleplumberservice@gmail.com,,Active,Nextdoor
Plumbing,Bogman Plumbing & Electric,(206) 218-6577,,,Active,Nextdoor
Plumbing,Knockout Plumbing & Mechanical LLC,(206) 858-2211,,,Active,Facebook
Plumbing,Puget Seattle Plumbers and Drain Cleaning Co.,(206) 360-0078,,,Active,https://maps.google.com/?cid=12430300646633656177
Plumbing,Expert Seattle Plumber WA,(253) 235-1627,,,Active,https://maps.google.com/?cid=3418090151230636696
Plumbing,Custom Seattle Plumbing & Drain,(206) 456-7201,,,Active,https://maps.google.com/?cid=10946375025782600788
Plumbing,Emergency Plumbing Company,(564) 214-0440,,,Active,https://maps.google.com/?cid=1081935419206401578
Plumbing,Gary Fox Plumbing & Heating,(253) 518-0719,,,Active,https://maps.google.com/?cid=2319082546346231761
Plumbing,Masterflow Plumbing Seattle,(564) 220-5490,,,Active,https://maps.google.com/?cid=8242308888935584837
Plumbing,Splash Plumbing Llc,(206) 914-3779,,,Active,https://maps.google.com/?cid=7127875582468112632
Plumbing,Seattle Emergency Plumber Kings,(206) 307-0493,,,Active,https://maps.google.com/?cid=7724446596837827721
Plumbing,Prime Valley Plumbing Seattle,(206) 414-1372,,,Active,https://maps.google.com/?cid=4274642474240461349
Plumbing,Garrett & Sons Water Heaters,(206) 809-6961,,,Active,https://maps.google.com/?cid=6493229668874148762
Plumbing,RescueLine Plumbing,(564) 264-7459,,,Active,https://maps.google.com/?cid=9092615795967758781
Plumbing,QuickSeal Plumbing Services,(564) 214-0446,,,Active,https://maps.google.com/?cid=13536969269571770475
Pressure Washing,PRESSURE WASHINGGUTTER CLEANINGWINDOW CLEANINGROOF CLEANPAINTING,(206) 739-8669,,2026-03-04,Active,https://seattle.craigslist.org/est/hss/d/redmond-pressure-washinggutter/7919050313.html
Pressure Washing,Offering Painting and pressure washing,(360) 271-3480,,2026-02-15,Recent,https://seattle.craigslist.org/kit/lbs/d/port-orchard-offering-painting-and/7915350827.html
Pressure Washing,FULL SERVICE LANDSCAPING  POWER WASHING JUNK REMOVAL & HAULING,(206) 413-0639,,2026-02-23,Recent,https://seattle.craigslist.org/tac/hss/d/kent-full-service-landscaping-power/7917163633.html
Pressure Washing,Roofing - Painting - Handyman - Fix It Once Fix It Right,(253) 458-9939,,2026-03-10,Active,https://seattle.craigslist.org/tac/sks/d/tacoma-roofing-painting-handyman-fix-it/7920323610.html
Pressure Washing,Roofing - Painting - Handyman - Stop Waiting Start Fixing,(206) 462-2211,,2026-03-09,Active,https://seattle.craigslist.org/see/sks/d/seahurst-roofing-painting-handyman-stop/7920116247.html
Pressure Washing,#1 Pro Power Washing,,,,Active,https://www.thumbtack.com/wa/seattle/pressure-washing/1-pro-power-washing/service/462481281372364805
Pressure Washing,Make it Happen Exterior Home Maintenance,,,,Active,https://www.thumbtack.com/wa/seattle/pressure-washing/make-it-happen-exterior-home-maintenance/service/525360714300407813
Pressure Washing,3 Guys On A Roof,,,,Active,https://www.thumbtack.com/wa/seattle/roof-cleaning/3-guys-on-roof/service/387186457428606979
Pressure Washing,Saswash Cleaning LLC,(206) 468-8289,,,Active,Nextdoor
Pressure Washing,Clean Buildings,(253) 780-1280,info@cleanbuildingswa.com,,Active,Nextdoor
Pressure Washing,Precision Pro Wash,(253) 444-3009,,,Active,Facebook
Pressure Washing,American Standard Window & Gutter Cleaning - Pressure Washing,(206) 375-8460,,,Active,https://maps.google.com/?cid=7199076273657855850
Roofing,Roofer / Roof / framing siding painting flooring and more!,(425) 321-8309,,2026-02-17,Recent,https://seattle.craigslist.org/est/lbs/d/issaquah-roofer-roof-framing-siding/7915890909.html
Roofing,Do you need a NEW ROOF? REROOF? ROOF REPLACEMENT? HELP: 360-780-3890,(360) 780-3890,,2026-03-02,Active,https://seattle.craigslist.org/oly/hss/d/olympia-do-you-need-new-roof-reroof/7918630893.html
Roofing,Roof & Gutter Cleaning Window Cleaning House Wash,(360) 972-8839,,2026-02-19,Recent,https://seattle.craigslist.org/oly/hss/d/olympia-roof-gutter-cleaning-window/7916322374.html
Roofing,Honest Reliable Roofer (20 yrs exp),(208) 818-3841,,,Recent,https://seattle.craigslist.org/see/sks/d/auburn-honest-reliable-roofer-roofing/7916095161.html
Roofing,Jose M - Rain Guard Roofing (Marysville),(425) 429-8097,jm4sroofs@gmail.com,,Recent,https://seattle.craigslist.org/sno/sks/d/marysville-need-an-honest-professional/7919125144.html
Roofing,Washington Sequoia Roofing,(425) 736-4519,,,Recent,https://seattle.craigslist.org/est/hss/d/renton-roof-repair-replace-leaks-free/7916649909.html
Roofing,Seattle King Roofing LLC (Randy Zepeda),(425) 948-5718,,,Recent,https://seattle.craigslist.org/see/hss/d/bellevue-roof-repair-roof-and/7914381334.html
Roofing,Roof & Gutter Services (Puyallup - Todd),(253) 355-2170,,,Recent,https://seattle.craigslist.org/tac/sks/d/lakewood-roof-gutter-sod-weed-moss/7915322104.html
Roofing,King Quality Roofing,,,,Active,https://www.thumbtack.com/wa/seattle/roofing/king-quality-roofing/service/526251807000502279
Roofing,Golden Hammer Construction LLC,,,,Active,https://www.thumbtack.com/wa/seattle/roofing/golden-hammer-construction-llc/service/527393919834161152
Roofing,Grand Roofing & Construction LLC,,,,Active,https://www.thumbtack.com/wa/seattle/roof-cleaning/grand-roofing-construction-llc/service/461816675821314055
Roofing,Anytime Roofing Inc,,,,Active,Facebook
Roofing,Bright Star Roofing,(206) 350-0874,,,Active,https://maps.google.com/?cid=4981703864836702573
Roofing,Sunrise Roofing,(206) 339-1036,,,Active,https://maps.google.com/?cid=13819210906259937639
Roofing,Adams Family Roofing,(206) 672-3100,,,Active,https://maps.google.com/?cid=602496870023891328
Roofing,Seattle Roofing Contractors,(425) 799-2249,,,Active,https://maps.google.com/?cid=1858389389229496736
Roofing,Star Roof Repair And Replacement,(206) 339-3674,,,Active,https://maps.google.com/?cid=15950379412632663097
Roofing,Davis Brothers Roofing & Remodeling,(206) 600-6966,,,Active,https://maps.google.com/?cid=10567657474081865852
Roofing,Eagle Eye Roofing,(425) 552-8809,,,Active,https://maps.google.com/?cid=1809436651101600015
Roofing,Seattle Authentic Roofing & Siding,(253) 765-5754,,,Active,https://maps.google.com/?cid=7777488225356266883
Roofing,Vasa Roofing West Seattle,(206) 202-7779,,,Active,https://maps.google.com/?cid=1857098750108509512
